,Марка,Модель,Год выпуска,Тип кузова,Цена,Объём двигателя,Цвет,Привод,Руль,Тип двигателя,Состояние,Владельцев по ПТС,Количество дверей,Мощность двигателя,Пробег,VIN или номер кузова,Коробка передач,Ссылка
0,Subaru,Forester,2012,внедорожник,900 000,2.0,чёрный,полный,левый,бензин,не битый,3,5.0,150 л.с.,61000 км,JF1SHJLS*CG****46,автомат,https://www.avito.ru/moskva/avtomobili/subaru_forester_2012_1088862914
1,Subaru,Forester,2008,внедорожник,685 000,2.0,серый,полный,левый,бензин,не битый,1,4.0,150 л.с.,130000 км,JF1SH5LS*9G****56,автомат,https://www.avito.ru/moskva/avtomobili/subaru_forester_2008_1335606531
2,Subaru,Legacy,2010,седан,660 000,2.5,серый,полный,левый,бензин,не битый,2,4.0,173 л.с.,105000 км,4S3BMCA6*A3****39,вариатор,https://www.avito.ru/moskva/avtomobili/subaru_legacy_2010_946093374
3,Subaru,Impreza,2005,седан,345 000,2.0,чёрный,полный,левый,бензин,не битый,4+,4.0,160 л.с.,219000 км,JF1GD9LE*6G****29,автомат,https://www.avito.ru/moskva/avtomobili/subaru_impreza_2005_1455680533
4,Subaru,Legacy,2005,седан,360 000,2.0,чёрный,полный,левый,бензин,не битый,2,4.0,136 л.с.,169975 км,JF1BL5LJ*5G****84,механика,https://www.avito.ru/moskva/avtomobili/subaru_legacy_2005_1432289195
5,Subaru,Forester,2000,универсал,265 000,2.5,зелёный,полный,левый,бензин,не битый,3,5.0,150 л.с.,218175 км,JF1SF635*1H****92,автомат,https://www.avito.ru/moskva/avtomobili/subaru_forester_2000_1077605346
6,Subaru,Forester,2016,внедорожник,1 500 000,2.0,серый,полный,левый,бензин,не битый,1,5.0,150 л.с.,41300 км,JF1SJ5LC*GG****59,вариатор,https://www.avito.ru/moskva/avtomobili/subaru_forester_2016_1309063636
7,Subaru,Impreza,2006,универсал,319 500,2.0,серебряный,полный,левый,бензин,не битый,3,5.0,160 л.с.,221000 км,JF1GG9LE*6G****63,автомат,https://www.avito.ru/moskva/avtomobili/subaru_impreza_2006_1320477951
8,Subaru,Forester,2012,универсал,1 045 000,2.5,зелёный,полный,левый,бензин,не битый,2,5.0,172 л.с.,88000 км,JF1SHMLW*CG****61,механика,https://www.avito.ru/moskva/avtomobili/subaru_forester_2012_962111553
9,Subaru,Legacy,2003,универсал,470 000,2.0,серебряный,полный,правый,бензин,не битый,3,5.0,280 л.с.,130000 км,BP5****06,механика,https://www.avito.ru/moskva_zelenograd/avtomobili/subaru_legacy_2003_1566423567
10,Subaru,Outback,2010,универсал,780 000,2.5,синий,полный,левый,бензин,не битый,1,,167 л.с.,214732 км,JF1BR9L9*BG****88,вариатор,https://www.avito.ru/moskva/avtomobili/subaru_outback_2010_1720835391
11,Subaru,Impreza,2010,хетчбэк,510 000,2.0,чёрный,полный,левый,бензин,не битый,3,5.0,150 л.с.,175000 км,JF1GH7LS*BG****93,автомат,https://www.avito.ru/moskva/avtomobili/subaru_impreza_2010_1270331992
12,Subaru,Impreza,2012,седан,700 000,2.0,серебряный,полный,левый,бензин,не битый,1,4.0,150 л.с.,107000 км,JF1GJ7LC*CG****89,вариатор,https://www.avito.ru/moskva/avtomobili/subaru_impreza_2012_1391419695
13,Subaru,Forester,2013,внедорожник,1 099 000,2.5,серый,полный,левый,бензин,не битый,1,,171 л.с.,70000 км,JF1SJ9LC*DG****18,вариатор,https://www.avito.ru/moskva/avtomobili/subaru_forester_2013_1493632360
14,Subaru,Forester,2012,универсал,925 000,2.5,серебряный,полный,левый,бензин,не битый,1,,171 л.с.,78720 км,JF1SHMLS*CG****93,автомат,https://www.avito.ru/moskva/avtomobili/subaru_forester_2012_1351876540
15,Subaru,Legacy,2003,седан,350 000,2.0,белый,полный,правый,бензин,не битый,2,4.0,180 л.с.,300000 км,BL5-****15,автомат,https://www.avito.ru/moskva/avtomobili/subaru_legacy_2003_1282186499
16,Subaru,Forester,2010,внедорожник,820 000,2.5,серый,полный,левый,бензин,не битый,2,5.0,230 л.с.,71000 км,JF1SH9LT*AG****83,автомат,https://www.avito.ru/moskva/avtomobili/subaru_forester_2010_1570470352
17,Subaru,Legacy,2004,седан,470 000,2.5,синий,полный,левый,бензин,не битый,4+,5.0,250 л.с.,160000 км,4S3BL686*56****36,механика,https://www.avito.ru/moskva/avtomobili/subaru_legacy_2004_783541640
18,Subaru,Outback,2008,универсал,640 000,2.5,бежевый,полный,левый,бензин,не битый,3,,173 л.с.,180000 км,JF1BP9LL*8G****63,автомат,https://www.avito.ru/moskva/avtomobili/subaru_outback_2008_1006953411
19,Subaru,Legacy,2010,седан,680 000,2.5,серый,полный,левый,бензин,не битый,2,4.0,265 л.с.,142199 км,JF1BM9LV*BG****96,автомат,https://www.avito.ru/moskva/avtomobili/subaru_legacy_2010_1305818854
20,Subaru,Forester,2008,внедорожник,580 000,2.0,серый,полный,левый,бензин,не битый,2,5.0,150 л.с.,136000 км,JF1SH5LS*9G****20,автомат,https://www.avito.ru/moskva/avtomobili/subaru_forester_2008_1223967771
21,Subaru,Forester,2008,универсал,770 000,2.0,серебряный,полный,левый,бензин,не битый,1,5.0,150 л.с.,125000 км,JF1SH5LS*9G****18,автомат,https://www.avito.ru/moskva/avtomobili/subaru_forester_2008_1566611314
22,Subaru,WRX,2007,хетчбэк,750 000,2.5,синий,полный,левый,бензин,не битый,2,5.0,230 л.с.,114300 км,JF1GHELD*8G****60,механика,https://www.avito.ru/moskva/avtomobili/subaru_wrx_2007_1408786291
23,Subaru,Tribeca,2007,внедорожник,625 000,3.0,серый,полный,левый,бензин,не битый,3,5.0,245 л.с.,137000 км,4S4WXELU*7S****11,автомат,https://www.avito.ru/moskva/avtomobili/subaru_tribeca_2007_1570094327
24,Subaru,Forester,2014,внедорожник,1 150 000,2.5,белый,полный,левый,бензин,не битый,1,5.0,175 л.с.,72000 км,JF1SJ9LC*EG****20,автомат,https://www.avito.ru/moskva/avtomobili/subaru_forester_2014_1431792055
25,Subaru,Forester,2011,внедорожник,699 000,2.0,серый,полный,левый,бензин,не битый,1,5.0,150 л.с.,94201 км,JF1SHJLS*BG****89,автомат,https://www.avito.ru/moskva/avtomobili/subaru_forester_2011_1308387055
26,Subaru,Outback,2002,универсал,245 000,2.5,зелёный,полный,левый,бензин,не битый,2,,156 л.с.,156000 км,4S3BH665*17****92,автомат,https://www.avito.ru/moskva/avtomobili/subaru_outback_2002_1236693021
27,Subaru,Forester,2013,внедорожник,1 085 000,2.0,зелёный,полный,левый,бензин,не битый,1,,150 л.с.,95874 км,JF1SJ5LC*DG****09,вариатор,https://www.avito.ru/moskva/avtomobili/subaru_forester_2013_1687017165
28,Subaru,Forester,2008,внедорожник,565 000,2.0,чёрный,полный,левый,бензин,не битый,4+,5.0,150 л.с.,139000 км,JF1SH5LS*9G****25,механика,https://www.avito.ru/moskva/avtomobili/subaru_forester_2008_1441673478
29,Subaru,Forester,2000,внедорожник,500 000,2.0,синий,полный,правый,бензин,не битый,4+,5.0,240 л.с.,120000 км,SF5****34,автомат,https://www.avito.ru/moskva/avtomobili/subaru_forester_2000_1445229741
30,Subaru,Impreza,2006,универсал,350 000,2.0,чёрный,полный,левый,бензин,не битый,4+,5.0,160 л.с.,180000 км,JF1GG9LE*6G****89,автомат,https://www.avito.ru/moskva/avtomobili/subaru_impreza_2006_1429487536
31,Subaru,Forester,2005,универсал,470 000,2.5,серый,полный,левый,бензин,не битый,2,5.0,173 л.с.,140226 км,JF1SG636*6H****48,автомат,https://www.avito.ru/moskva/avtomobili/subaru_forester_2005_1505486344
32,Subaru,XV,2012,хетчбэк,870 000,2.0,оранжевый,полный,левый,бензин,не битый,1,,150 л.с.,112000 км,JF1GP7LC*CG****13,вариатор,https://www.avito.ru/moskva/avtomobili/subaru_xv_2012_1252411245
33,Subaru,Forester,2003,универсал,400 000,2.5,серебряный,полный,левый,бензин,не битый,4+,5.0,165 л.с.,121000 км,JF1SG636*4H****89,автомат,https://www.avito.ru/moskva/avtomobili/subaru_forester_2003_1465445434
34,Subaru,Baja,2003,пикап,420 000,2.5,чёрный,полный,левый,газ,не битый,3,4.0,165 л.с.,170000 км,4S4BT62C*36****04,механика,https://www.avito.ru/moskva/avtomobili/subaru_baja_2003_1441939887
35,Subaru,Forester,2011,внедорожник,840 000,2.0,белый,полный,левый,бензин,не битый,1,5.0,150 л.с.,116000 км,JF1SHJLS*BG****31,автомат,https://www.avito.ru/moskva/avtomobili/subaru_forester_2011_1453041468
36,Subaru,Legacy,2004,седан,360 000,3.0,зелёный,полный,левый,бензин,не битый,4+,4.0,245 л.с.,215000 км,JF1BLELU*4G****78,автомат,https://www.avito.ru/moskva/avtomobili/subaru_legacy_2004_1604964458
37,Subaru,Tribeca,2012,универсал,1 250 000,3.6,серый,полный,левый,бензин,не битый,2,5.0,258 л.с.,168000 км,4S4WXFLU*CS****83,автомат,https://www.avito.ru/moskva/avtomobili/subaru_tribeca_2012_1714084748
38,Subaru,Impreza,2003,седан,439 000,2.0,чёрный,полный,правый,бензин,не битый,3,4.0,300 л.с.,200000 км,134****90,механика,https://www.avito.ru/moskva/avtomobili/subaru_impreza_2003_695823362
39,Subaru,Forester,2006,универсал,500 000,2.5,бежевый,полный,левый,бензин,не битый,3,5.0,230 л.с.,148355 км,JF1SG9LT*6G****52,автомат,https://www.avito.ru/moskva/avtomobili/subaru_forester_2006_1430440731
40,Subaru,Forester,2017,внедорожник,1 965 000,2.5,чёрный,полный,левый,бензин,не битый,1,5.0,171 л.с.,18000 км,JF1SJ9LC*JG****51,вариатор,https://www.avito.ru/moskva/avtomobili/subaru_forester_2017_1489243028
41,Subaru,Legacy,2003,универсал,355 000,2.0,серебряный,полный,левый,бензин,не битый,2,5.0,125 л.с.,157000 км,JF1BH5LR*3G****66,автомат,https://www.avito.ru/moskva/avtomobili/subaru_legacy_2003_1667193605
42,Subaru,Tribeca,2008,внедорожник,785 000,3.6,серый,полный,левый,бензин,не битый,1,5.0,256 л.с.,157000 км,4S4WX93D*84****74,автомат,https://www.avito.ru/moskva/avtomobili/subaru_tribeca_2008_942670334
43,Subaru,XV,2012,внедорожник,719 000,2.0,чёрный,полный,левый,бензин,не битый,1,5.0,150 л.с.,85000 км,JF1GP7LA*CG****08,механика,https://www.avito.ru/moskva/avtomobili/subaru_xv_2012_1170257889
44,Subaru,Forester,2015,внедорожник,1 550 000,2.0,чёрный,полный,левый,бензин,не битый,1,4.0,241 л.с.,68000 км,JF1SJGL8*FG****15,автомат,https://www.avito.ru/moskva/avtomobili/subaru_forester_2015_1419079729
45,Subaru,Legacy,2003,седан,375 000,2.0,чёрный,полный,правый,бензин,не битый,2,4.0,280 л.с.,200000 км,BL5-****58,автомат,https://www.avito.ru/moskva/avtomobili/subaru_legacy_2003_1594627459
46,Subaru,WRX,2007,хетчбэк,710 000,2.5,серый,полный,левый,бензин,не битый,3,5.0,230 л.с.,70000 км,JF1GHELD*8G****60,механика,https://www.avito.ru/moskva/avtomobili/subaru_wrx_2007_1170122037
47,Subaru,Impreza,2001,универсал,250 000,2.5,синий,полный,левый,бензин,не битый,3,5.0,165 л.с.,240000 км,JF1GG655*2H****46,автомат,https://www.avito.ru/moskva/avtomobili/subaru_impreza_2001_418085726
48,Subaru,XV,2013,внедорожник,990 000,2.0,серый,полный,левый,бензин,не битый,2,,150 л.с.,91721 км,JF1GP7LC*EG****97,вариатор,https://www.avito.ru/moskva/avtomobili/subaru_xv_2013_1683174405
49,Subaru,Legacy,2001,универсал,175 000,2.0,чёрный,полный,правый,бензин,не битый,2,5.0,260 л.с.,270000 км,BH5-****52,автомат,https://www.avito.ru/moskva/avtomobili/subaru_legacy_2001_1377859476
50,Subaru,Legacy,2001,универсал,175 000,2.0,чёрный,полный,правый,бензин,не битый,2,5.0,260 л.с.,270000 км,BH5-****52,автомат,https://www.avito.ru/moskva/avtomobili/subaru_legacy_2001_1377859476
51,Subaru,Outback,2001,универсал,230 000,3.0,синий,полный,левый,бензин,не битый,3,5.0,209 л.с.,400000 км,JF1BHELE*1G****06,автомат,https://www.avito.ru/moskva/avtomobili/subaru_outback_2001_1593692360
52,Subaru,Outback,2002,универсал,270 000,3.0,белый,полный,левый,бензин,не битый,3,5.0,154 л.с.,280000 км,JF1BHELE*2G****58,автомат,https://www.avito.ru/moskva/avtomobili/subaru_outback_2002_1301332952
53,Subaru,Forester,2001,внедорожник,245 000,2.5,серебряный,полный,левый,бензин,не битый,4+,5.0,165 л.с.,200000 км,JF1SF635*1H****52,автомат,https://www.avito.ru/moskva/avtomobili/subaru_forester_2001_1723507573
54,Subaru,Forester,2011,внедорожник,795 000,2.0,синий,полный,левый,бензин,не битый,1,,150 л.с.,118700 км,JF1SHJLS*CG****63,автомат,https://www.avito.ru/moskva/avtomobili/subaru_forester_2011_1241900198
55,Subaru,Tribeca,2008,внедорожник,725 000,3.6,серебряный,полный,левый,бензин,не битый,1,5.0,258 л.с.,157928 км,4S4WXFLU*8S****82,автомат,https://www.avito.ru/moskva/avtomobili/subaru_tribeca_2008_1085952145
56,Subaru,Forester,2009,внедорожник,700 000,2.5,серебряный,полный,левый,бензин,не битый,3,5.0,230 л.с.,140000 км,JF1SH9LT*9G****81,автомат,https://www.avito.ru/moskva/avtomobili/subaru_forester_2009_1387548267
57,Subaru,Forester,2014,внедорожник,1 200 000,2.0,бежевый,полный,левый,бензин,не битый,1,5.0,150 л.с.,94000 км,JF1SJ5LC*EG****03,вариатор,https://www.avito.ru/moskva/avtomobili/subaru_forester_2014_1097733986
58,Subaru,WRX,2002,седан,100 000,2.0,синий,полный,правый,бензин,не битый,1,4.0,250 л.с.,114000 км,000****00,механика,https://www.avito.ru/moskva/avtomobili/subaru_wrx_2002_1490742542
59,Subaru,Forester,2010,внедорожник,620 000,2.5,серебряный,полный,левый,бензин,не битый,3,5.0,156 л.с.,191726 км,JF2SH6AC*AH****19,автомат,https://www.avito.ru/moskva/avtomobili/subaru_forester_2010_1682477006
60,Subaru,Forester,2002,универсал,370 000,2.0,серебряный,полный,правый,бензин,не битый,4+,5.0,220 л.с.,235000 км,SG5****97,автомат,https://www.avito.ru/moskva/avtomobili/subaru_forester_2002_1338623795
61,Subaru,XV,2014,хетчбэк,799 000,1.6,оранжевый,полный,левый,бензин,не битый,1,5.0,114 л.с.,63000 км,JF1GP3LC*EG****12,вариатор,https://www.avito.ru/moskva/avtomobili/subaru_xv_2014_1624597471
62,Subaru,Tribeca,2006,внедорожник,550 000,3.0,синий,полный,левый,бензин,не битый,2,5.0,245 л.с.,171523 км,4S4WX82D*74****16,автомат,https://www.avito.ru/moskva/avtomobili/subaru_tribeca_2006_1430544172
63,Subaru,Outback,2007,универсал,665 000,3.0,чёрный,полный,левый,бензин,не битый,2,5.0,245 л.с.,180000 км,JF1BPELU*8G****83,автомат,https://www.avito.ru/moskva/avtomobili/subaru_outback_2007_1620648298
64,Subaru,Impreza,2007,седан,390 000,1.5,серебряный,полный,левый,бензин,не битый,4+,4.0,105 л.с.,226000 км,JF1GDDLE*7G****00,автомат,https://www.avito.ru/moskva/avtomobili/subaru_impreza_2007_1566789990
65,Subaru,Legacy,2003,универсал,180 000,2.0,серый,полный,правый,бензин,не битый,3,5.0,137 л.с.,120000 км,BH5-****02,автомат,https://www.avito.ru/moskva/avtomobili/subaru_legacy_2003_1530503222
66,Subaru,Outback,2007,универсал,750 000,3.0,серебряный,полный,левый,бензин,не битый,3,5.0,245 л.с.,139000 км,JF1BPELU*7G****02,автомат,https://www.avito.ru/moskva/avtomobili/subaru_outback_2007_1684124979
67,Subaru,Forester,2005,внедорожник,900 000,2.5,серебряный,полный,правый,бензин,не битый,2,5.0,125 л.с.,103000 км,SG9****96,механика,https://www.avito.ru/moskva/avtomobili/subaru_forester_2005_320086161
68,Subaru,Legacy,2010,седан,820 000,2.5,золотой,полный,левый,бензин,не битый,2,4.0,265 л.с.,68000 км,JF1BM9LV*BG****35,автомат,https://www.avito.ru/moskva_zelenograd/avtomobili/subaru_legacy_2010_1420277604
69,Subaru,WRX STI,2004,седан,580 000,2.0,синий,полный,левый,бензин,не битый,4+,4.0,265 л.с.,181000 км,JF1GDBLH*4G****60,механика,https://www.avito.ru/moskva/avtomobili/subaru_wrx_sti_2004_1537334103
70,Subaru,Forester,2011,внедорожник,770 000,2.0,серебряный,полный,левый,бензин,не битый,1,5.0,150 л.с.,140921 км,JF1SHJLS*BG****73,автомат,https://www.avito.ru/moskva/avtomobili/subaru_forester_2011_1342640404
71,Subaru,Forester,2006,внедорожник,470 000,2.5,чёрный,полный,левый,бензин,не битый,3,5.0,230 л.с.,234500 км,JF1SG9LT*6G****47,автомат,https://www.avito.ru/moskva/avtomobili/subaru_forester_2006_1259587634
72,Subaru,Forester,2011,универсал,1 170 000,2.5,синий,полный,левый,бензин,не битый,2,,262 л.с.,175000 км,JF1SH9LV*CG****83,автомат,https://www.avito.ru/moskva/avtomobili/subaru_forester_2011_1566287125
73,Subaru,Impreza,2007,седан,367 000,1.5,красный,передний,левый,бензин,не битый,3,4.0,105 л.с.,135887 км,JF1GDDLE*7G****48,автомат,https://www.avito.ru/moskva/avtomobili/subaru_impreza_2007_1261950639
74,Subaru,WRX STI,2014,хетчбэк,1 790 000,2.0,белый,полный,левый,бензин,не битый,2,5.0,308 л.с.,35000 км,X89GRB5E*ES****34,механика,https://www.avito.ru/moskva/avtomobili/subaru_wrx_sti_2014_904466258
75,Subaru,Outback,2000,седан,159 000,2.5,белый,полный,левый,бензин,не битый,4+,4.0,156 л.с.,220000 км,4S3BE686*17****72,автомат,https://www.avito.ru/moskva/avtomobili/subaru_outback_2000_1007259303
76,Subaru,Legacy,2004,седан,420 000,2.5,серебряный,полный,левый,бензин,не битый,4+,4.0,165 л.с.,361810 км,JF1BL9LL*4G****89,автомат,https://www.avito.ru/moskva/avtomobili/subaru_legacy_2004_1144173508
77,Subaru,Forester,2011,внедорожник,919 000,2.5,красный,полный,левый,бензин,не битый,1,,230 л.с.,82164 км,JF1SH9LT*BG****94,автомат,https://www.avito.ru/moskva/avtomobili/subaru_forester_2011_1119544339
78,Subaru,Forester,2004,универсал,550 000,2.5,красный,полный,левый,бензин,не битый,1,5.0,165 л.с.,200000 км,JF1SG656*4H****48,автомат,https://www.avito.ru/moskva/avtomobili/subaru_forester_2004_1260659179
79,Subaru,Forester,2001,универсал,320 000,2.5,синий,полный,левый,бензин,не битый,4+,5.0,167 л.с.,313000 км,JF1SF655*2H****44,автомат,https://www.avito.ru/moskva/avtomobili/subaru_forester_2001_1027349580
80,Subaru,Outback,2006,универсал,599 000,2.5,серый,полный,левый,бензин,не битый,3,4.0,165 л.с.,177000 км,JF1BP9LL*7G****56,автомат,https://www.avito.ru/moskva/avtomobili/subaru_outback_2006_1484710784
81,Subaru,Outback,2002,универсал,370 000,3.0,чёрный,полный,левый,бензин,не битый,2,5.0,209 л.с.,320000 км,4S3BH806*27****53,автомат,https://www.avito.ru/moskva/avtomobili/subaru_outback_2002_1360512647
82,Subaru,Outback,2000,универсал,250 000,2.5,зелёный,полный,левый,бензин,не битый,3,5.0,156 л.с.,250000 км,4S3BH686*Y7****16,автомат,https://www.avito.ru/moskva/avtomobili/subaru_outback_2000_1545052375
83,Subaru,Tribeca,2008,внедорожник,697 000,3.6,золотой,полный,левый,бензин,не битый,1,5.0,258 л.с.,174688 км,4S4WXFLU*8S****12,автомат,https://www.avito.ru/moskva/avtomobili/subaru_tribeca_2008_1609556687
84,Subaru,Legacy,2008,седан,635 000,3.0,чёрный,полный,левый,бензин,не битый,1,,245 л.с.,190000 км,JF1BLELU*8G****81,автомат,https://www.avito.ru/moskva/avtomobili/subaru_legacy_2008_1668559165
85,Subaru,Outback,2011,универсал,1 400 000,3.6,белый,полный,левый,бензин,не битый,1,5.0,249 л.с.,82300 км,JF1BRFLU*BG****54,автомат,https://www.avito.ru/moskva_zelenograd/avtomobili/subaru_outback_2011_1279065868
86,Subaru,Impreza,2004,универсал,350 000,2.0,серебряный,полный,левый,бензин,не битый,4+,5.0,125 л.с.,251000 км,JF1GG9LK*5G****45,механика,https://www.avito.ru/moskva/avtomobili/subaru_impreza_2004_1561016439
87,Subaru,Legacy,2003,универсал,412 000,2.0,чёрный,полный,правый,бензин,не битый,2,5.0,260 л.с.,128000 км,OTCYT****ET,автомат,https://www.avito.ru/moskva/avtomobili/subaru_legacy_2003_1265364549
88,Subaru,Tribeca,2007,внедорожник,560 000,3.0,серый,полный,левый,бензин,не битый,3,5.0,245 л.с.,145000 км,4S4WXELU*7S****66,автомат,https://www.avito.ru/moskva/avtomobili/subaru_tribeca_2007_1558826618
89,Subaru,Forester,2013,внедорожник,1 070 000,2.0,серебряный,полный,левый,бензин,не битый,2,,150 л.с.,76000 км,JF1SJ5LC*DG****97,вариатор,https://www.avito.ru/moskva/avtomobili/subaru_forester_2013_1417953321
90,Subaru,Trezia,2013,хетчбэк,520 000,1.3,синий,передний,правый,бензин,не битый,2,5.0,95 л.с.,70000 км,NSP120-7****54,вариатор,https://www.avito.ru/moskva/avtomobili/subaru_trezia_2013_1326756144
91,Subaru,Legacy,2010,седан,743 000,2.5,чёрный,полный,левый,бензин,не битый,3,4.0,265 л.с.,137500 км,JF1BM9LV*BG****20,автомат,https://www.avito.ru/moskva/avtomobili/subaru_legacy_2010_1155895837
92,Subaru,WRX,2000,седан,280 000,2.0,серебряный,передний,правый,бензин,не битый,2,4.0,250 л.с.,180000 км,GDA-****62,механика,https://www.avito.ru/moskva/avtomobili/subaru_wrx_2000_1225660805
93,Subaru,Tribeca,2007,внедорожник,620 000,3.0,синий,полный,левый,бензин,не битый,3,,250 л.с.,125406 км,4S4WX85D*74****59,автомат,https://www.avito.ru/moskva/avtomobili/subaru_tribeca_2007_1692664185
94,Subaru,Tribeca,2006,минивэн,690 000,3.0,чёрный,полный,левый,бензин,не битый,3,5.0,250 л.с.,140000 км,4S4WX86C*64****66,автомат,https://www.avito.ru/moskva/avtomobili/subaru_tribeca_2006_1144828838
95,Subaru,Forester,2010,внедорожник,735 000,2.0,серый,полный,левый,бензин,не битый,1,5.0,150 л.с.,145830 км,JF1SH5LS*AG****79,автомат,https://www.avito.ru/moskva/avtomobili/subaru_forester_2010_1290922760
96,Subaru,Outback,2006,универсал,475 000,2.5,серый,полный,левый,бензин,не битый,2,5.0,165 л.с.,208000 км,JF1BP9LK*7G****34,механика,https://www.avito.ru/moskva/avtomobili/subaru_outback_2006_1335038586
97,Subaru,Impreza,2007,хетчбэк,290 000,1.5,чёрный,полный,левый,бензин,не битый,3,5.0,107 л.с.,132000 км,JF1GH3LW*8G****52,механика,https://www.avito.ru/moskva/avtomobili/subaru_impreza_2007_966764276
98,Subaru,Forester,2001,универсал,285 000,2.5,серебряный,полный,левый,бензин,не битый,3,5.0,165 л.с.,185000 км,JF1SF635*1H****57,автомат,https://www.avito.ru/moskva/avtomobili/subaru_forester_2001_1424532955
99,Subaru,Outback,2006,универсал,530 000,2.5,чёрный,полный,левый,бензин,не битый,2,5.0,165 л.с.,120000 км,JF1BP9LL*7G****77,автомат,https://www.avito.ru/moskva/avtomobili/subaru_outback_2006_1242588350
100,Subaru,Impreza,2007,хетчбэк,290 000,1.5,чёрный,полный,левый,бензин,не битый,3,5.0,107 л.с.,132000 км,JF1GH3LW*8G****52,механика,https://www.avito.ru/moskva/avtomobili/subaru_impreza_2007_966764276
101,Subaru,Forester,2001,универсал,285 000,2.5,серебряный,полный,левый,бензин,не битый,3,5.0,165 л.с.,185000 км,JF1SF635*1H****57,автомат,https://www.avito.ru/moskva/avtomobili/subaru_forester_2001_1424532955
102,Subaru,Outback,2006,универсал,530 000,2.5,чёрный,полный,левый,бензин,не битый,2,5.0,165 л.с.,120000 км,JF1BP9LL*7G****77,автомат,https://www.avito.ru/moskva/avtomobili/subaru_outback_2006_1242588350
103,Subaru,Impreza,2007,универсал,305 000,1.5,серый,полный,левый,бензин,не битый,4+,4.0,105 л.с.,157000 км,JF1GGDLW*7G****72,механика,https://www.avito.ru/moskva/avtomobili/subaru_impreza_2007_1653383593
104,Subaru,Forester,2013,внедорожник,1 119 000,2.0,белый,полный,левый,бензин,не битый,1,,150 л.с.,46840 км,JF1SJ5LC*DG****95,автомат,https://www.avito.ru/moskva/avtomobili/subaru_forester_2013_1616147406
105,Subaru,Forester,2015,внедорожник,1 600 000,2.5,белый,полный,левый,бензин,не битый,1,5.0,171 л.с.,50359 км,JF1SJ9LC*FG****49,вариатор,https://www.avito.ru/moskva/avtomobili/subaru_forester_2015_1650488516
106,Subaru,Tribeca,2005,внедорожник,485 000,3.0,голубой,полный,левый,бензин,не битый,3,5.0,250 л.с.,200000 км,4S4WX83C*64****00,автомат,https://www.avito.ru/moskva/avtomobili/subaru_tribeca_2005_1309662978
107,Subaru,Forester,2005,универсал,409 000,2.5,серый,полный,левый,бензин,не битый,3,5.0,173 л.с.,134567 км,JF1SG9LD*5G****91,автомат,https://www.avito.ru/moskva/avtomobili/subaru_forester_2005_960850781
108,Subaru,Forester,2016,универсал,1 360 000,2.0,чёрный,полный,левый,бензин,не битый,1,5.0,150 л.с.,106000 км,JF1SJ5LC*GG****01,вариатор,https://www.avito.ru/moskva/avtomobili/subaru_forester_2016_1650730054
109,Subaru,Legacy,2005,седан,497 000,2.0,серебряный,полный,левый,бензин,не битый,3,4.0,164 л.с.,188760 км,JF1BL5LS*6G****87,автомат,https://www.avito.ru/moskva/avtomobili/subaru_legacy_2005_1296615786
110,Subaru,WRX STI,2000,седан,450 000,2.0,жёлтый,полный,правый,бензин,не битый,4+,4.0,280 л.с.,230000 км,GC8-****86,механика,https://www.avito.ru/moskva/avtomobili/subaru_wrx_sti_2000_1567230705
111,Subaru,XV,2012,внедорожник,800 000,2.0,красный,полный,левый,бензин,не битый,1,5.0,150 л.с.,196000 км,JF1GP7LC*CG****76,вариатор,https://www.avito.ru/moskva/avtomobili/subaru_xv_2012_1036994036
112,Subaru,XV,2010,хетчбэк,655 000,2.0,чёрный,полный,левый,бензин,не битый,2,5.0,150 л.с.,105000 км,JF1GH7LS*BG****97,автомат,https://www.avito.ru/moskva/avtomobili/subaru_xv_2010_1318662757
113,Subaru,XV,2011,хетчбэк,735 000,1.6,красный,полный,левый,бензин,не битый,2,5.0,114 л.с.,153000 км,JF1GP3LC*CG****12,автомат,https://www.avito.ru/moskva/avtomobili/subaru_xv_2011_1563612394
114,Subaru,Forester,2003,универсал,320 000,2.0,синий,полный,левый,бензин,не битый,1,,125 л.с.,253000 км,JF1SG5LR*4G****44,автомат,https://www.avito.ru/moskva/avtomobili/subaru_forester_2003_1490189418
115,Subaru,Outback,2004,универсал,650 000,2.5,золотой,полный,левый,бензин,не битый,3,5.0,320 л.с.,153900 км,4S4BP67C*54****20,автомат,https://www.avito.ru/moskva/avtomobili/subaru_outback_2004_1115371906
116,Subaru,Impreza,2010,хетчбэк,455 000,2.0,чёрный,полный,левый,бензин,не битый,4+,5.0,150 л.с.,261934 км,JF1GH7LS*BG****35,автомат,https://www.avito.ru/moskva/avtomobili/subaru_impreza_2010_1472318638
117,Subaru,Pleo,2002,хетчбэк,175 000,0.7,синий,передний,правый,бензин,не битый,4+,,64 л.с.,161121 км,RA1-****68,вариатор,https://www.avito.ru/moskva/avtomobili/subaru_pleo_2002_1123790710
118,Subaru,Forester,2014,внедорожник,1 077 000,2.0,серый,полный,левый,бензин,не битый,1,5.0,150 л.с.,136000 км,JF1SJ5LC*EG****21,автомат,https://www.avito.ru/moskva/avtomobili/subaru_forester_2014_1541050509
119,Subaru,Legacy,2012,седан,1 095 000,2.5,белый,полный,левый,бензин,не битый,1,,265 л.с.,57000 км,JF1BM9LV*DG****64,автомат,https://www.avito.ru/moskva/avtomobili/subaru_legacy_2012_1384509882
120,Subaru,Impreza,2007,хетчбэк,525 000,2.0,золотой,полный,левый,бензин,не битый,3,5.0,150 л.с.,185200 км,JF1GH7LS*8G****19,автомат,https://www.avito.ru/moskva/avtomobili/subaru_impreza_2007_1259037912
0,Subaru,Legacy,2000,седан,380 000,2.0,белый,полный,правый,бензин,не битый,2,4.0,260 л.с.,25000 км,BE5-****31,автомат,https://www.avito.ru/moskva/avtomobili/subaru_legacy_2000_1680496642
1,Subaru,Forester,2014,внедорожник,1 180 000,2.0,бежевый,полный,левый,бензин,не битый,1,,150 л.с.,96432 км,JF1SJ5LC*EG****83,вариатор,https://www.avito.ru/moskva/avtomobili/subaru_forester_2014_1411223438
2,Subaru,Forester,2000,универсал,265 000,2.5,зелёный,полный,левый,бензин,не битый,3,5.0,150 л.с.,218000 км,JF1SF655*1H****55,автомат,https://www.avito.ru/moskva/avtomobili/subaru_forester_2000_1197256693
3,Subaru,Forester,2013,внедорожник,1 135 000,2.0,зелёный,полный,левый,бензин,не битый,1,,150 л.с.,50553 км,JF1SJ5LC*DG****85,автомат,https://www.avito.ru/moskva/avtomobili/subaru_forester_2013_1124999326
4,Subaru,Impreza,2010,хетчбэк,410 000,1.5,чёрный,полный,левый,бензин,не битый,3,5.0,107 л.с.,82000 км,JF1GH35E*BG****28,автомат,https://www.avito.ru/moskva/avtomobili/subaru_impreza_2010_1000911791
5,Subaru,Forester,2006,внедорожник,450 000,2.0,чёрный,полный,левый,бензин,не битый,4+,5.0,158 л.с.,120000 км,JF1SG5LE*6G****18,автомат,https://www.avito.ru/moskva/avtomobili/subaru_forester_2006_1638463961
6,Subaru,WRX STI,2007,седан,390 000,2.5,голубой,полный,левый,бензин,не битый,4+,4.0,280 л.с.,157864 км,JF1GDFLH*7G****65,механика,https://www.avito.ru/moskva/avtomobili/subaru_wrx_sti_2007_1260183742
7,Subaru,Impreza,2008,седан,365 000,1.6,серый,полный,левый,бензин,не битый,2,4.0,105 л.с.,86000 км,JF1GE3LS*9G****67,автомат,https://www.avito.ru/moskva/avtomobili/subaru_impreza_2008_1027043903
8,Subaru,Impreza,2001,универсал,250 000,1.5,синий,передний,правый,бензин,не битый,4+,,100 л.с.,217000 км,OTCYT****ET,автомат,https://www.avito.ru/moskva/avtomobili/subaru_impreza_2001_1208086121
9,Subaru,Forester,2008,внедорожник,525 000,2.0,серый,полный,левый,бензин,не битый,2,5.0,150 л.с.,146000 км,JF1SH5LS*9G****45,механика,https://www.avito.ru/moskva/avtomobili/subaru_forester_2008_1555216481
10,Subaru,Legacy,2010,седан,829 999,2.5,серый,полный,левый,бензин,не битый,2,4.0,265 л.с.,159500 км,JF1BM9LV*BG****61,автомат,https://www.avito.ru/moskva/avtomobili/subaru_legacy_2010_1404188924
11,Subaru,Outback,2014,универсал,1 290 000,2.5,белый,полный,левый,бензин,не битый,1,5.0,167 л.с.,77300 км,JF1BR9L9*EG****71,вариатор,https://www.avito.ru/moskva/avtomobili/subaru_outback_2014_615844705
12,Subaru,Forester,2014,внедорожник,1 275 000,2.5,синий,полный,левый,бензин,не битый,1,,171 л.с.,63257 км,JF1SJ9LC*EG****92,вариатор,https://www.avito.ru/moskva/avtomobili/subaru_forester_2014_1232001546
13,Subaru,WRX,2008,хетчбэк,670 000,2.5,серый,полный,левый,бензин,не битый,2,5.0,275 л.с.,90000 км,JF1GHELD*8G****41,механика,https://www.avito.ru/moskva/avtomobili/subaru_wrx_2008_1330681447
14,Subaru,Impreza,2004,седан,249 999,1.5,чёрный,передний,правый,бензин,не битый,4+,4.0,105 л.с.,75000 км,GD2****45,автомат,https://www.avito.ru/moskva/avtomobili/subaru_impreza_2004_1686137858
15,Subaru,Outback,2004,универсал,470 000,3.0,чёрный,полный,левый,бензин,не битый,4+,5.0,245 л.с.,266000 км,JF1BPELU*4G****78,автомат,https://www.avito.ru/moskva/avtomobili/subaru_outback_2004_930031511
16,Subaru,Forester,2007,универсал,560 000,2.5,чёрный,полный,левый,бензин,не битый,2,5.0,230 л.с.,219000 км,JF1SG9LT*8G****41,автомат,https://www.avito.ru/moskva/avtomobili/subaru_forester_2007_1395831924
17,Subaru,WRX,2001,универсал,420 000,2.0,синий,полный,левый,бензин,не битый,4+,5.0,218 л.с.,216035 км,JF1GGALD*1G****10,механика,https://www.avito.ru/moskva/avtomobili/subaru_wrx_2001_1653222869
18,Subaru,XV,2012,хетчбэк,1 100 000,2.0,оранжевый,полный,левый,бензин,не битый,1,,150 л.с.,69000 км,JF1GP7LC*CG****25,автомат,https://www.avito.ru/moskva/avtomobili/subaru_xv_2012_1708110045
19,Subaru,Forester,2002,универсал,278 000,2.0,серебряный,полный,левый,бензин,не битый,3,5.0,125 л.с.,214000 км,JF1SF5LP*2G****73,автомат,https://www.avito.ru/moskva/avtomobili/subaru_forester_2002_1521564659
20,Subaru,Tribeca,2005,внедорожник,470 000,3.0,синий,полный,левый,бензин,не битый,2,4.0,250 л.с.,170000 км,4S4WX83C*64****41,автомат,https://www.avito.ru/moskva/avtomobili/subaru_tribeca_2005_1381839176
21,Subaru,Legacy,2010,седан,610 000,2.5,чёрный,полный,левый,бензин,не битый,1,4.0,167 л.с.,169000 км,JF1BM9L9*BG****05,автомат,https://www.avito.ru/moskva/avtomobili/subaru_legacy_2010_1032238153
22,Subaru,Forester,2016,внедорожник,1 550 000,2.0,чёрный,полный,левый,бензин,не битый,1,5.0,145 л.с.,23500 км,JF1SJ5LC*GG****92,вариатор,https://www.avito.ru/moskva/avtomobili/subaru_forester_2016_1609731214
23,Subaru,Tribeca,2006,внедорожник,565 000,3.0,синий,полный,левый,бензин,не битый,3,5.0,245 л.с.,190402 км,4S4WXELU*7S****41,автомат,https://www.avito.ru/moskva/avtomobili/subaru_tribeca_2006_1644812134
24,Subaru,Forester,2006,универсал,425 000,2.5,серебряный,полный,левый,бензин,не битый,2,5.0,230 л.с.,277000 км,JF1SG9LT*7G****45,автомат,https://www.avito.ru/moskva/avtomobili/subaru_forester_2006_1498067536
25,Subaru,Forester,2013,внедорожник,1 085 000,2.0,серый,полный,левый,бензин,не битый,2,5.0,150 л.с.,69500 км,JF1SJ5LC*DG****12,вариатор,https://www.avito.ru/moskva/avtomobili/subaru_forester_2013_1141282443
26,Subaru,Legacy,2005,седан,750 000,2.5,синий,полный,левый,бензин,не битый,2,,420 л.с.,160000 км,4S3BL676*56****99,механика,https://www.avito.ru/moskva/avtomobili/subaru_legacy_2005_1241928490
27,Subaru,WRX STI,2006,седан,570 000,2.5,белый,полный,левый,бензин,не битый,3,4.0,280 л.с.,150000 км,JF1GDFLH*6G****96,механика,https://www.avito.ru/moskva/avtomobili/subaru_wrx_sti_2006_1423419138
28,Subaru,Outback,2001,седан,250 000,3.0,чёрный,полный,левый,бензин,не битый,2,4.0,212 л.с.,132129 км,4S3BE896*27****81,автомат,https://www.avito.ru/moskva/avtomobili/subaru_outback_2001_1314630324
29,Subaru,Forester,2012,внедорожник,955 000,2.0,белый,полный,левый,бензин,не битый,1,5.0,150 л.с.,56500 км,JF1SHJLS*CG****25,автомат,https://www.avito.ru/moskva/avtomobili/subaru_forester_2012_1169443912
30,Subaru,XV,2014,внедорожник,1 290 000,2.0,красный,полный,левый,бензин,не битый,1,5.0,150 л.с.,12000 км,JF1GP7LC*EG****24,вариатор,https://www.avito.ru/moskva/avtomobili/subaru_xv_2014_1274452081
31,Subaru,Tribeca,2006,универсал,530 000,3.0,золотой,полный,левый,бензин,не битый,3,5.0,250 л.с.,240000 км,4S4WX83C*64****86,автомат,https://www.avito.ru/moskva/avtomobili/subaru_tribeca_2006_1162385531
32,Subaru,XV,2017,внедорожник,1 605 000,2.0,оранжевый,полный,левый,бензин,не битый,1,,150 л.с.,10000 км,JF1GT7LL*JG****22,автомат,https://www.avito.ru/moskva/avtomobili/subaru_xv_2017_1304576011
33,Subaru,Forester,2013,внедорожник,1 099 000,2.0,белый,полный,левый,бензин,не битый,1,5.0,150 л.с.,128000 км,JF1SJ5LC*DG****95,вариатор,https://www.avito.ru/moskva/avtomobili/subaru_forester_2013_1176419082
34,Subaru,Outback,2003,седан,450 000,3.0,золотой,полный,левый,бензин,не битый,4+,4.0,209 л.с.,190000 км,4S3BE896*37****05,автомат,https://www.avito.ru/moskva/avtomobili/subaru_outback_2003_1584443233
35,Subaru,Outback,2005,универсал,410 000,2.5,зелёный,полный,левый,бензин,не битый,3,5.0,165 л.с.,195000 км,JF1BP9LL*4G****36,автомат,https://www.avito.ru/moskva/avtomobili/subaru_outback_2005_1293489504
36,Subaru,Forester,2007,внедорожник,500 000,2.0,серебряный,полный,левый,бензин,не битый,2,5.0,158 л.с.,241000 км,JF1SG5LW*8G****24,механика,https://www.avito.ru/moskva/avtomobili/subaru_forester_2007_1202239108
37,Subaru,Forester,2003,внедорожник,420 000,2.0,чёрный,полный,левый,бензин,не битый,2,5.0,177 л.с.,283000 км,JF1SG5LP*3G****75,автомат,https://www.avito.ru/moskva/avtomobili/subaru_forester_2003_1620373383
38,Subaru,Legacy,2002,седан,200 000,2.0,серебряный,полный,правый,бензин,не битый,3,4.0,260 л.с.,85000 км,BE5-****63,механика,https://www.avito.ru/moskva/avtomobili/subaru_legacy_2002_1614023564
39,Subaru,WRX STI,2007,седан,550 000,2.5,синий,полный,левый,бензин,не битый,2,,280 л.с.,114000 км,JF1GDFLH*7G****11,механика,https://www.avito.ru/moskva/avtomobili/subaru_wrx_sti_2007_1104890682
40,Subaru,Outback,2011,универсал,850 000,2.5,золотой,полный,левый,бензин,не битый,1,5.0,167 л.с.,98001 км,JF1BR9L9*CG****64,вариатор,https://www.avito.ru/moskva/avtomobili/subaru_outback_2011_1166918494
41,Subaru,Legacy,2012,седан,998 000,2.5,серый,полный,левый,бензин,не битый,1,4.0,265 л.с.,139465 км,JF1BM9LV*CG****40,автомат,https://www.avito.ru/moskva/avtomobili/subaru_legacy_2012_1225136571
42,Subaru,Forester,2013,внедорожник,1 049 000,2.0,белый,полный,левый,бензин,не битый,1,,150 л.с.,137600 км,JF1SJ5LC*DG****60,вариатор,https://www.avito.ru/moskva/avtomobili/subaru_forester_2013_1125784521
43,Subaru,Forester,2003,универсал,400 000,2.0,серебряный,полный,правый,бензин,не битый,2,5.0,220 л.с.,300000 км,SG5****10,автомат,https://www.avito.ru/moskva/avtomobili/subaru_forester_2003_1526755474
44,Subaru,Outback,2013,универсал,1 116 244,2.5,чёрный,полный,левый,бензин,не битый,1,5.0,167 л.с.,100688 км,JF1BR9L9*EG****90,автомат,https://www.avito.ru/moskva/avtomobili/subaru_outback_2013_1112020476
45,Subaru,Forester,2005,универсал,365 000,2.0,серый,полный,левый,бензин,не битый,4+,5.0,177 л.с.,152000 км,JF1SG5LT*5G****30,автомат,https://www.avito.ru/moskva/avtomobili/subaru_forester_2005_1368023385
46,Subaru,Forester,2000,внедорожник,265 000,2.5,красный,полный,левый,бензин,не битый,4+,5.0,150 л.с.,340000 км,JF1SF635*1H****54,автомат,https://www.avito.ru/moskva/avtomobili/subaru_forester_2000_1480820219
47,Subaru,WRX,2007,хетчбэк,580 000,2.5,синий,полный,левый,бензин,не битый,4+,5.0,230 л.с.,75000 км,JF1GHELD*8G****39,механика,https://www.avito.ru/moskva/avtomobili/subaru_wrx_2007_1179330395
48,Subaru,Outback,2004,седан,450 000,3.0,чёрный,полный,левый,бензин,не битый,1,4.0,250 л.с.,156000 км,4S4BL84C*54****98,автомат,https://www.avito.ru/moskva/avtomobili/subaru_outback_2004_1685288056
49,Subaru,Tribeca,2007,внедорожник,615 000,3.0,серебряный,полный,левый,бензин,не битый,3,5.0,245 л.с.,150000 км,4S4WX82D*74****49,автомат,https://www.avito.ru/moskva/avtomobili/subaru_tribeca_2007_1046222319
50,Subaru,Forester,2007,универсал,990 000,2.5,синий,полный,левый,бензин,не битый,4+,5.0,230 л.с.,109458 км,JF1SG9LT*8G****99,механика,https://www.avito.ru/moskva/avtomobili/subaru_forester_2007_1256873122
51,Subaru,Legacy,2005,универсал,280 000,2.0,серый,полный,правый,бензин,не битый,1,5.0,180 л.с.,158000 км,BP5-****50,автомат,https://www.avito.ru/moskva/avtomobili/subaru_legacy_2005_1260947474
52,Subaru,Forester,2010,внедорожник,710 000,2.0,красный,полный,левый,бензин,не битый,2,5.0,150 л.с.,165000 км,JF1SH5LS*AG****22,автомат,https://www.avito.ru/moskva/avtomobili/subaru_forester_2010_1249736664
53,Subaru,Impreza,2008,хетчбэк,335 000,1.5,серый,передний,левый,бензин,не битый,4+,5.0,107 л.с.,132000 км,JF1GH3LS*8G****30,автомат,https://www.avito.ru/moskva/avtomobili/subaru_impreza_2008_1462254875
54,Subaru,XV,2011,внедорожник,750 000,1.6,белый,полный,левый,бензин,не битый,1,5.0,114 л.с.,102000 км,JF1GP3LC*CG****37,автомат,https://www.avito.ru/moskva/avtomobili/subaru_xv_2011_1678958549
55,Subaru,Forester,2011,внедорожник,950 000,2.5,серый,полный,левый,бензин,не битый,3,5.0,171 л.с.,94000 км,JF1SHMLS*BG****18,автомат,https://www.avito.ru/moskva/avtomobili/subaru_forester_2011_981636999
56,Subaru,Forester,2008,внедорожник,750 000,2.5,серебряный,полный,левый,бензин,не битый,4+,5.0,230 л.с.,121000 км,JF1SH9LD*9G****87,механика,https://www.avito.ru/moskva/avtomobili/subaru_forester_2008_1682291272
57,Subaru,Forester,2007,универсал,520 000,2.0,чёрный,полный,левый,бензин,не битый,3,5.0,158 л.с.,142500 км,JF1SG5LE*8G****01,автомат,https://www.avito.ru/moskva/avtomobili/subaru_forester_2007_1542175187
58,Subaru,Forester,2003,внедорожник,290 000,2.0,серебряный,полный,левый,бензин,не битый,3,5.0,125 л.с.,381404 км,JF1SG5LK*3G****80,механика,https://www.avito.ru/moskva/avtomobili/subaru_forester_2003_1418402452
59,Subaru,Forester,2006,универсал,450 000,2.0,синий,полный,левый,бензин,не битый,2,,158 л.с.,139000 км,JF1SG5LW*7G****43,механика,https://www.avito.ru/moskva/avtomobili/subaru_forester_2006_1193102001
60,Subaru,Forester,2001,универсал,260 000,2.5,зелёный,полный,левый,бензин,не битый,4+,5.0,156 л.с.,240000 км,JF1SF635*1H****23,автомат,https://www.avito.ru/moskva/avtomobili/subaru_forester_2001_1139690803
61,Subaru,Forester,2003,универсал,444 000,2.0,красный,полный,правый,бензин,не битый,3,5.0,220 л.с.,125000 км,OTCYT****ET,автомат,https://www.avito.ru/moskva/avtomobili/subaru_forester_2003_1310612751
62,Subaru,Tribeca,2011,внедорожник,960 000,3.6,чёрный,полный,левый,бензин,не битый,2,5.0,258 л.с.,136000 км,4S4WXFLU*BS****58,автомат,https://www.avito.ru/moskva/avtomobili/subaru_tribeca_2011_1684122982
63,Subaru,Legacy,2011,седан,730 000,2.5,белый,полный,левый,бензин,не битый,2,5.0,265 л.с.,120000 км,JF1BM9LV*BG****52,автомат,https://www.avito.ru/moskva/avtomobili/subaru_legacy_2011_1150274157
64,Subaru,Forester,2011,внедорожник,769 000,2.0,синий,полный,левый,бензин,не битый,1,5.0,150 л.с.,97654 км,JF1SHJLS*BG****86,автомат,https://www.avito.ru/moskva/avtomobili/subaru_forester_2011_1684552463
65,Subaru,Impreza,2008,седан,420 000,1.5,чёрный,полный,левый,бензин,не битый,1,5.0,107 л.с.,68000 км,JF1GE3LS*9G****26,автомат,https://www.avito.ru/moskva/avtomobili/subaru_impreza_2008_1530767789
66,Subaru,Impreza,2003,седан,649 000,2.0,чёрный,полный,правый,бензин,не битый,3,4.0,280 л.с.,138000 км,JF1GDBKH*3G****84,механика,https://www.avito.ru/moskva/avtomobili/subaru_impreza_2003_1386898230
67,Subaru,Forester,2005,универсал,535 000,2.5,серебряный,полный,левый,бензин,не битый,4+,5.0,230 л.с.,245000 км,JF1SG9LD*6G****12,механика,https://www.avito.ru/moskva/avtomobili/subaru_forester_2005_976592405
68,Subaru,Legacy,2004,седан,370 000,2.5,серый,полный,левый,бензин,не битый,3,4.0,165 л.с.,160000 км,4S3BL616*57****80,автомат,https://www.avito.ru/moskva/avtomobili/subaru_legacy_2004_1158512275
69,Subaru,Legacy,2003,универсал,245 000,2.0,чёрный,полный,правый,бензин,не битый,1,5.0,137 л.с.,280000 км,BH5-****86,автомат,https://www.avito.ru/moskva/avtomobili/subaru_legacy_2003_1100479406
70,Subaru,Forester,2014,внедорожник,1 500 000,2.5,белый,полный,левый,бензин,не битый,1,5.0,171 л.с.,42000 км,JF1SJ9LC*EG****09,автомат,https://www.avito.ru/moskva/avtomobili/subaru_forester_2014_1193930122
71,Subaru,Outback,2014,универсал,1 265 000,2.5,серебряный,полный,левый,бензин,не битый,2,5.0,167 л.с.,95000 км,JF1BR9L9*EG****88,вариатор,https://www.avito.ru/moskva/avtomobili/subaru_outback_2014_1718529163
72,Subaru,WRX,2003,седан,450 000,2.0,синий,полный,левый,бензин,не битый,4+,4.0,224 л.с.,200000 км,JF1GDALD*3G****25,механика,https://www.avito.ru/moskva/avtomobili/subaru_wrx_2003_1537030319
73,Subaru,Forester,2000,универсал,35 000,2.0,чёрный,полный,правый,бензин, битый,3,5.0,170 л.с.,85000 км,SF5-****58,механика,https://www.avito.ru/moskva/avtomobili/subaru_forester_2000_1335271029
74,Subaru,WRX,2006,седан,600 000,2.5,чёрный,полный,левый,бензин,не битый,3,4.0,230 л.с.,186000 км,JF1GDGLD*7G****62,механика,https://www.avito.ru/moskva/avtomobili/subaru_wrx_2006_1580029443
75,Subaru,Impreza,2004,универсал,450 000,2.0,чёрный,полный,правый,бензин,не битый,1,5.0,250 л.с.,80500 км,GGA****63,механика,https://www.avito.ru/moskva/avtomobili/subaru_impreza_2004_1413591450
76,Subaru,Impreza,2006,седан,390 000,2.0,серебряный,полный,левый,бензин,не битый,3,5.0,160 л.с.,225000 км,JF1GD9LE*7G****29,автомат,https://www.avito.ru/moskva/avtomobili/subaru_impreza_2006_1265130346
77,Subaru,Impreza,2008,седан,480 000,1.5,чёрный,полный,левый,бензин,не битый,1,5.0,107 л.с.,117000 км,JF1GE3LS*9G****67,автомат,https://www.avito.ru/moskva/avtomobili/subaru_impreza_2008_1546502187
78,Subaru,Legacy,2006,седан,455 000,2.0,чёрный,полный,левый,бензин,не битый,2,4.0,165 л.с.,191085 км,JF1BL5LS*7G****89,автомат,https://www.avito.ru/moskva/avtomobili/subaru_legacy_2006_1478241215
79,Subaru,Legacy,2012,седан,824 000,2.5,серебряный,полный,левый,бензин,не битый,2,4.0,173 л.с.,96000 км,4S3BMBB6*C3****65,вариатор,https://www.avito.ru/moskva/avtomobili/subaru_legacy_2012_1620617792
80,Subaru,Outback,2004,универсал,410 000,2.5,золотой,полный,левый,бензин,не битый,4+,5.0,165 л.с.,216000 км,4S4BP61C*56****48,механика,https://www.avito.ru/moskva/avtomobili/subaru_outback_2004_1414523440
81,Subaru,WRX,2004,седан,450 000,2.0,синий,полный,левый,бензин,не битый,2,5.0,224 л.с.,168000 км,JF1GDALD*5G****90,механика,https://www.avito.ru/moskva/avtomobili/subaru_wrx_2004_1532817789
82,Subaru,WRX,2000,седан,200 000,2.0,чёрный,полный,правый,бензин,не битый,2,4.0,250 л.с.,100000 км,GDA-****83,механика,https://www.avito.ru/moskva/avtomobili/subaru_wrx_2000_1513834740
83,Subaru,Outback,2007,универсал,510 000,2.5,чёрный,полный,левый,бензин,не битый,2,5.0,165 л.с.,217000 км,JF1BP9LK*7G****76,механика,https://www.avito.ru/moskva/avtomobili/subaru_outback_2007_1337430881
84,Subaru,Impreza,2007,хетчбэк,400 000,2.0,бежевый,полный,левый,бензин,не битый,3,5.0,150 л.с.,168000 км,JF1GH7LS*8G****09,автомат,https://www.avito.ru/moskva/avtomobili/subaru_impreza_2007_1491031557
85,Subaru,Legacy,2000,седан,310 000,2.0,синий,полный,правый,бензин,не битый,3,,260 л.с.,247000 км,H39****77,автомат,https://www.avito.ru/moskva/avtomobili/subaru_legacy_2000_1530648474
86,Subaru,Forester,2014,внедорожник,1 305 000,2.0,чёрный,полный,левый,бензин,не битый,1,,241 л.с.,108000 км,JF1SJGL8*EG****86,автомат,https://www.avito.ru/moskva/avtomobili/subaru_forester_2014_1491145682
87,Subaru,Forester,2002,универсал,335 000,2.5,красный,полный,левый,бензин,не битый,3,5.0,165 л.с.,167000 км,JF1SG656*3H****02,автомат,https://www.avito.ru/moskva/avtomobili/subaru_forester_2002_1179162483
88,Subaru,Outback,2001,универсал,110 000,3.0,белый,полный,правый,бензин,не битый,1,,220 л.с.,300000 км,BHE-****45,автомат,https://www.avito.ru/moskva/avtomobili/subaru_outback_2001_1370422295
89,Subaru,Legacy,2006,седан,450 000,2.0,серебряный,полный,левый,бензин,не битый,4+,4.0,165 л.с.,241266 км,JF1BL5LF*6G****70,механика,https://www.avito.ru/moskva/avtomobili/subaru_legacy_2006_1250195698
90,Subaru,XV,2012,внедорожник,777 000,1.6,серебряный,полный,левый,бензин,не битый,1,5.0,114 л.с.,49200 км,JF1GP3LC*CG****24,автомат,https://www.avito.ru/moskva/avtomobili/subaru_xv_2012_1302630539
91,Subaru,Impreza,2008,хетчбэк,400 000,1.5,красный,полный,левый,бензин,не битый,3,5.0,200 л.с.,150000 км,JF1GH3LS*8G****55,автомат,https://www.avito.ru/moskva/avtomobili/subaru_impreza_2008_1457636921
92,Subaru,Outback,2001,универсал,360 000,3.0,синий,полный,левый,бензин,не битый,3,5.0,209 л.с.,282000 км,JF1BHELE*1G****37,автомат,https://www.avito.ru/moskva/avtomobili/subaru_outback_2001_1062333152
93,Subaru,Impreza,2007,хетчбэк,500 000,2.5,серый,полный,левый,бензин,не битый,3,5.0,230 л.с.,135000 км,JF1GHELD*8G****23,механика,https://www.avito.ru/moskva/avtomobili/subaru_impreza_2007_1057698015
94,Subaru,WRX,2003,универсал,410 000,2.0,синий,полный,левый,бензин,не битый,3,5.0,224 л.с.,190000 км,JF1GGALD*3G****10,механика,https://www.avito.ru/moskva/avtomobili/subaru_wrx_2003_1670870600
95,Subaru,XV,2012,внедорожник,850 000,2.0,белый,полный,левый,бензин,не битый,2,5.0,150 л.с.,162089 км,JF1GP7LC*CG****30,вариатор,https://www.avito.ru/moskva/avtomobili/subaru_xv_2012_1533351913
96,Subaru,Tribeca,2005,внедорожник,575 000,3.0,серебряный,полный,левый,бензин,не битый,3,5.0,250 л.с.,215000 км,4S4WX82C*64****15,автомат,https://www.avito.ru/moskva/avtomobili/subaru_tribeca_2005_1519328083
97,Subaru,Impreza,2009,седан,420 000,1.5,чёрный,полный,левый,бензин,не битый,3,4.0,107 л.с.,144025 км,JF1GE3LS*9G****53,автомат,https://www.avito.ru/moskva/avtomobili/subaru_impreza_2009_1096562951
98,Subaru,Outback,2010,универсал,435 000,2.5,чёрный,полный,правый,бензин,не битый,1,,285 л.с.,101000 км,00000000****00,автомат,https://www.avito.ru/moskva/avtomobili/subaru_outback_2010_1013217661
99,Subaru,Forester,2003,универсал,340 000,2.0,серебряный,полный,левый,бензин,не битый,3,5.0,125 л.с.,210000 км,JF1SG5LR*3G****49,автомат,https://www.avito.ru/moskva/avtomobili/subaru_forester_2003_1430558375
100,Subaru,Forester,2003,универсал,340 000,2.0,серебряный,полный,левый,бензин,не битый,3,5.0,125 л.с.,210000 км,JF1SG5LR*3G****49,автомат,https://www.avito.ru/moskva/avtomobili/subaru_forester_2003_1430558375
101,Subaru,Forester,2007,универсал,520 000,2.0,синий,полный,левый,бензин,не битый,3,5.0,158 л.с.,135000 км,JF1SG5LE*7G****02,автомат,https://www.avito.ru/moskva/avtomobili/subaru_forester_2007_760238085
102,Subaru,Outback,2012,универсал,1 145 000,2.5,бежевый,полный,левый,бензин,не битый,1,,167 л.с.,59787 км,JF1BR9L9*DG****72,вариатор,https://www.avito.ru/moskva/avtomobili/subaru_outback_2012_955594557
103,Subaru,Legacy,2000,седан,179 000,2.0,серый,полный,правый,бензин,не битый,3,5.0,155 л.с.,290000 км,XTA234V953****46,автомат,https://www.avito.ru/moskva/avtomobili/subaru_legacy_2000_1648106377
104,Subaru,WRX STI,2012,хетчбэк,1 350 000,2.0,белый,полный,левый,бензин,не битый,2,4.0,385 л.с.,55000 км,X89GRB5E*CS****33,механика,https://www.avito.ru/moskva/avtomobili/subaru_wrx_sti_2012_1471852239
105,Subaru,Forester,2015,внедорожник,1 520 000,2.5,чёрный,полный,левый,бензин,не битый,1,,171 л.с.,57265 км,JF1SJ9LC*FG****46,вариатор,https://www.avito.ru/moskva/avtomobili/subaru_forester_2015_1605069663
106,Subaru,Forester,2014,внедорожник,1 250 000,2.0,серый,полный,левый,бензин,не битый,2,5.0,150 л.с.,63000 км,JF1SJ5LC*EG****72,автомат,https://www.avito.ru/moskva/avtomobili/subaru_forester_2014_973564580
107,Subaru,Outback,2009,хетчбэк,1 000 000,2.5,чёрный,полный,левый,бензин,не битый,2,5.0,167 л.с.,76600 км,JF1BR9L9*AG****26,автомат,https://www.avito.ru/moskva/avtomobili/subaru_outback_2009_1289820823
108,Subaru,WRX STI,2007,седан,799 999,2.5,чёрный,полный,левый,бензин,не битый,3,4.0,280 л.с.,79800 км,JF1GDFLH*7G****80,механика,https://www.avito.ru/moskva/avtomobili/subaru_wrx_sti_2007_1417572763
109,Subaru,Impreza,2008,хетчбэк,450 000,2.0,серебряный,полный,левый,бензин,не битый,3,5.0,150 л.с.,177000 км,JF1GH7LW*8G****27,механика,https://www.avito.ru/moskva/avtomobili/subaru_impreza_2008_1088925334
110,Subaru,Impreza,2005,универсал,230 000,1.5,серебряный,передний,правый,бензин,не битый,2,5.0,101 л.с.,186000 км,GG2-****34,автомат,https://www.avito.ru/moskva/avtomobili/subaru_impreza_2005_1125161766
111,Subaru,Forester,2002,универсал,320 000,2.5,серебряный,полный,левый,бензин,не битый,2,5.0,165 л.с.,156500 км,JF1SG636*3G****83,механика,https://www.avito.ru/moskva/avtomobili/subaru_forester_2002_1429764455
112,Subaru,Forester,2014,внедорожник,1 135 000,2.0,чёрный,полный,левый,бензин,не битый,1,,150 л.с.,118000 км,JF1SJ5LC*EG****93,автомат,https://www.avito.ru/moskva/avtomobili/subaru_forester_2014_1237501963
113,Subaru,Legacy,2004,седан,250 000,2.0,красный,полный,левый,бензин, битый,4+,5.0,138 л.с.,190000 км,JF1BL5LL*4G****70,автомат,https://www.avito.ru/moskva/avtomobili/subaru_legacy_2004_1031544110
114,Subaru,Tribeca,2008,внедорожник,680 000,3.6,бежевый,полный,левый,бензин,не битый,1,5.0,258 л.с.,160000 км,4S4WX90D*84****39,автомат,https://www.avito.ru/moskva/avtomobili/subaru_tribeca_2008_1656062580
115,Subaru,Legacy,2004,седан,490 000,3.0,серый,полный,левый,бензин,не битый,3,4.0,245 л.с.,178000 км,JF1BLELU*4G****76,автомат,https://www.avito.ru/moskva/avtomobili/subaru_legacy_2004_1383587419
116,Subaru,R2,2008,хетчбэк,279 000,0.6,белый,передний,правый,бензин,не битый,2,5.0,46 л.с.,100000 км,RC177****67,автомат,https://www.avito.ru/moskva/avtomobili/subaru_r2_2008_1378661747
117,Subaru,Impreza,2008,хетчбэк,400 000,2.1,синий,полный,левый,бензин,не битый,2,5.0,150 л.с.,150000 км,JF1GH7LS*8G****93,автомат,https://www.avito.ru/moskva_zelenograd/avtomobili/subaru_impreza_2008_1522774220
118,Subaru,Forester,2008,внедорожник,565 000,2.5,чёрный,полный,левый,бензин,не битый,2,4.0,230 л.с.,138000 км,JF1SH9LT*9G****31,автомат,https://www.avito.ru/moskva_zelenograd/avtomobili/subaru_forester_2008_1256740640
119,Subaru,Forester,2008,внедорожник,675 000,2.5,серый,полный,левый,бензин,не битый,2,,171 л.с.,192630 км,JF1SH9LL*9G****61,автомат,https://www.avito.ru/moskva/avtomobili/subaru_forester_2008_1483993909
120,Subaru,Forester,2011,внедорожник,850 000,2.0,белый,полный,левый,бензин,не битый,4+,5.0,150 л.с.,104000 км,JF1SHJLS*CG****73,автомат,https://www.avito.ru/moskva/avtomobili/subaru_forester_2011_1526910527
121,Subaru,Forester,2011,внедорожник,880 000,2.0,серый,полный,левый,бензин,не битый,2,5.0,148 л.с.,126000 км,JF1SHJLW*BG****90,механика,https://www.avito.ru/moskva/avtomobili/subaru_forester_2011_1434899784
122,Subaru,WRX,2017,седан,1 880 000,2.0,белый,полный,левый,бензин,не битый,1,5.0,268 л.с.,10100 км,JF1VAGL8*JG****57,автомат,https://www.avito.ru/moskva/avtomobili/subaru_wrx_2017_1226717453
123,Subaru,WRX STI,2010,седан,870 000,2.5,серый,полный,левый,бензин,не битый,4+,,300 л.с.,118000 км,JF1GVFLH*BG****49,механика,https://www.avito.ru/moskva/avtomobili/subaru_wrx_sti_2010_1662653034
124,Subaru,Legacy,2007,седан,650 000,3.0,серый,полный,левый,бензин,не битый,4+,4.0,245 л.с.,138237 км,JF1BLELU*8G****90,автомат,https://www.avito.ru/moskva/avtomobili/subaru_legacy_2007_1507448524
125,Subaru,Forester,2012,внедорожник,899 000,2.5,чёрный,полный,левый,бензин,не битый,1,5.0,263 л.с.,148235 км,JF1SH9LV*CG****67,автомат,https://www.avito.ru/moskva/avtomobili/subaru_forester_2012_1695174027
126,Subaru,Forester,2009,внедорожник,630 000,2.5,серебряный,полный,левый,бензин,не битый,2,5.0,172 л.с.,150000 км,JF2SH626*9H****40,автомат,https://www.avito.ru/moskva/avtomobili/subaru_forester_2009_1415388970
127,Subaru,Forester,2014,внедорожник,1 297 000,2.5,красный,полный,левый,бензин,не битый,1,,171 л.с.,98004 км,JF1SJ9LC*EG****07,автомат,https://www.avito.ru/moskva/avtomobili/subaru_forester_2014_1259902063
128,Subaru,Forester,2008,внедорожник,580 000,2.5,серый,полный,левый,бензин,не битый,4+,5.0,230 л.с.,185000 км,JF1SH9LT*9G****50,автомат,https://www.avito.ru/moskva/avtomobili/subaru_forester_2008_1028218078
129,Subaru,Legacy,2004,седан,360 000,2.5,чёрный,полный,левый,бензин,не битый,4+,4.0,170 л.с.,125000 км,4S3BL626*57****74,автомат,https://www.avito.ru/moskva/avtomobili/subaru_legacy_2004_1242619053
130,Subaru,Outback,2007,седан,690 900,3.0,золотой,полный,левый,бензин,не битый,2,4.0,250 л.с.,249000 км,4S4BL86C*64****61,автомат,https://www.avito.ru/moskva/avtomobili/subaru_outback_2007_1151467235
131,Subaru,Impreza,2007,седан,330 000,1.5,чёрный,полный,левый,бензин,не битый,2,4.0,105 л.с.,260000 км,JF1GDDLE*7G****51,автомат,https://www.avito.ru/moskva/avtomobili/subaru_impreza_2007_1659917884
132,Subaru,Legacy,2003,универсал,370 000,2.0,синий,полный,правый,бензин,не битый,4+,5.0,180 л.с.,231000 км,BP5-****81,автомат,https://www.avito.ru/moskva_zelenograd/avtomobili/subaru_legacy_2003_1490550114
133,Subaru,Impreza,2006,седан,395 000,2.0,чёрный,полный,левый,бензин,не битый,3,,160 л.с.,120000 км,JF1GD9LF*6G****15,механика,https://www.avito.ru/moskva/avtomobili/subaru_impreza_2006_1609728395
134,Subaru,Legacy,2006,седан,620 000,3.0,синий,полный,левый,бензин,не битый,3,4.0,245 л.с.,150000 км,JF1BLELU*7G****16,автомат,https://www.avito.ru/moskva/avtomobili/subaru_legacy_2006_1516185266
135,Subaru,Legacy,2009,седан,450 000,2.5,серый,полный,левый,бензин,не битый,4+,4.0,173 л.с.,150000 км,4S3BL616*97****15,автомат,https://www.avito.ru/moskva/avtomobili/subaru_legacy_2009_1605533727
136,Subaru,WRX,2008,седан,700 000,2.5,серый,полный,левый,бензин,не битый,3,4.0,265 л.с.,95000 км,JF1GEELD*9G****07,механика,https://www.avito.ru/moskva/avtomobili/subaru_wrx_2008_1293283490
137,Subaru,Outback,2007,универсал,775 000,3.0,серый,полный,левый,бензин,не битый,3,,245 л.с.,150000 км,JF1BPELU*8G****92,автомат,https://www.avito.ru/moskva/avtomobili/subaru_outback_2007_929570059
138,Subaru,Legacy,2001,седан,220 000,2.0,серебряный,полный,правый,бензин,не битый,4+,4.0,260 л.с.,230000 км,BE5-****42,автомат,https://www.avito.ru/moskva/avtomobili/subaru_legacy_2001_1704663011
139,Subaru,Forester,2011,внедорожник,850 000,2.5,серебряный,полный,левый,бензин,не битый,2,5.0,230 л.с.,77450 км,JF1SH9LD*BG****72,механика,https://www.avito.ru/moskva/avtomobili/subaru_forester_2011_1366809074
140,Subaru,Impreza,2007,седан,320 000,1.5,серый,полный,левый,бензин,не битый,4+,4.0,105 л.с.,209000 км,JF1GDDLE*7G****97,автомат,https://www.avito.ru/moskva/avtomobili/subaru_impreza_2007_1523003463
141,Subaru,Forester,2011,внедорожник,800 000,2.0,красный,полный,левый,бензин,не битый,1,5.0,150 л.с.,125000 км,JF1SHJLS*BG****79,автомат,https://www.avito.ru/moskva/avtomobili/subaru_forester_2011_1718101036
142,Subaru,Outback,2011,универсал,860 000,2.5,синий,полный,левый,бензин,не битый,3,5.0,167 л.с.,106000 км,JF1BR9L9*CG****25,вариатор,https://www.avito.ru/moskva/avtomobili/subaru_outback_2011_1544418379
143,Subaru,Forester,2002,универсал,285 000,2.5,серебряный,полный,левый,бензин,не битый,4+,5.0,150 л.с.,237000 км,JF1SF656*2H****28,автомат,https://www.avito.ru/moskva/avtomobili/subaru_forester_2002_1324020263
144,Subaru,Forester,2004,внедорожник,499 000,2.5,синий,полный,левый,бензин,не битый,4+,5.0,211 л.с.,217000 км,JF1SG9LD*5G****19,механика,https://www.avito.ru/moskva/avtomobili/subaru_forester_2004_1293847470
145,Subaru,Impreza,2003,хетчбэк,300 000,2.0,синий,полный,левый,бензин,не битый,4+,,125 л.с.,219000 км,JF1GG9LR*4G****98,автомат,https://www.avito.ru/moskva/avtomobili/subaru_impreza_2003_957886910
146,Subaru,Tribeca,2006,внедорожник,499 000,3.0,синий,полный,левый,бензин,не битый,2,5.0,250 л.с.,144206 км,4S4WX85C*64****69,автомат,https://www.avito.ru/moskva/avtomobili/subaru_tribeca_2006_1533589447
147,Subaru,Forester,2012,внедорожник,1 031 000,2.0,чёрный,полный,левый,бензин,не битый,1,,150 л.с.,92148 км,JF1SJ5LC*DG****51,вариатор,https://www.avito.ru/moskva/avtomobili/subaru_forester_2012_1260518835
148,Subaru,Forester,2009,внедорожник,730 000,2.5,чёрный,полный,левый,бензин,не битый,1,5.0,230 л.с.,94500 км,JF1SH9LD*9G****50,механика,https://www.avito.ru/moskva/avtomobili/subaru_forester_2009_1504471541
149,Subaru,Legacy,2007,седан,640 000,2.0,синий,полный,левый,бензин,не битый,2,4.0,165 л.с.,140000 км,JF1BL5LS*7G****93,автомат,https://www.avito.ru/moskva/avtomobili/subaru_legacy_2007_987242794
150,Subaru,Forester,2011,внедорожник,890 000,2.0,синий,полный,левый,бензин,не битый,2,,150 л.с.,56715 км,JF1SHJLS*BG****84,автомат,https://www.avito.ru/moskva/avtomobili/subaru_forester_2011_1693103586
151,Subaru,Outback,2013,универсал,1 300 000,2.5,серый,полный,левый,бензин,не битый,2,5.0,167 л.с.,93000 км,JF1BR9L9*EG****46,вариатор,https://www.avito.ru/moskva/avtomobili/subaru_outback_2013_868502379
152,Subaru,WRX STI,2010,седан,1 100 000,2.5,белый,полный,левый,бензин,не битый,3,5.0,301 л.с.,77800 км,JF1GVFLH*BG****13,механика,https://www.avito.ru/moskva/avtomobili/subaru_wrx_sti_2010_1222062289
153,Subaru,Tribeca,2008,внедорожник,600 000,3.6,чёрный,полный,левый,бензин,не битый,4+,5.0,258 л.с.,198000 км,4S4WXFLU*8S****25,автомат,https://www.avito.ru/moskva/avtomobili/subaru_tribeca_2008_1241934345
154,Subaru,Outback,2007,универсал,550 000,2.5,серый,полный,левый,бензин,не битый,3,5.0,165 л.с.,169000 км,JF1BP9LL*7G****58,автомат,https://www.avito.ru/moskva/avtomobili/subaru_outback_2007_1660124718
155,Subaru,WRX STI,2010,седан,1 399 999,2.5,чёрный,полный,левый,бензин,не битый,2,4.0,301 л.с.,60000 км,JF1GVFLH*BG****56,механика,https://www.avito.ru/moskva/avtomobili/subaru_wrx_sti_2010_1383507289
156,Subaru,Forester,2009,внедорожник,750 000,2.5,чёрный,полный,левый,бензин,не битый,2,5.0,173 л.с.,116000 км,JF2SH616*9H****73,автомат,https://www.avito.ru/moskva/avtomobili/subaru_forester_2009_1593094143
157,Subaru,Impreza,2013,хетчбэк,849 000,2.0,зелёный,полный,левый,бензин,не битый,1,,150 л.с.,147333 км,JF1GP7LC*EG****94,автомат,https://www.avito.ru/moskva/avtomobili/subaru_impreza_2013_1663601929
158,Subaru,Forester,2006,внедорожник,330 000,2.5,синий,полный,левый,бензин,не битый,3,5.0,230 л.с.,190000 км,JF1SG9LT*7G****51,автомат,https://www.avito.ru/moskva/avtomobili/subaru_forester_2006_932936640
159,Subaru,Forester,2014,внедорожник,1 225 000,2.5,зелёный,полный,левый,бензин,не битый,1,,175 л.с.,97000 км,JF1SJ9LC*EG****24,автомат,https://www.avito.ru/moskva/avtomobili/subaru_forester_2014_1175194020
160,Subaru,Outback,2007,универсал,625 000,2.5,серебряный,полный,левый,бензин,не битый,4+,4.0,175 л.с.,175000 км,JF1BP9LL*8G****72,автомат,https://www.avito.ru/moskva_zelenograd/avtomobili/subaru_outback_2007_1613938955
161,Subaru,Forester,2009,внедорожник,650 000,2.5,чёрный,полный,левый,бензин,не битый,3,5.0,230 л.с.,221000 км,JF1SH9LT*9G****24,автомат,https://www.avito.ru/moskva/avtomobili/subaru_forester_2009_1533004752
162,Subaru,Tribeca,2007,внедорожник,760 000,3.6,коричневый,полный,левый,бензин,не битый,3,,258 л.с.,162000 км,4S4WX90D*84****39,автомат,https://www.avito.ru/moskva/avtomobili/subaru_tribeca_2007_1539008496
163,Subaru,XV,2012,внедорожник,850 000,2.0,оранжевый,полный,левый,бензин,не битый,1,5.0,150 л.с.,91350 км,JF1GP7LC*CG****55,автомат,https://www.avito.ru/moskva/avtomobili/subaru_xv_2012_1653633582
164,Subaru,Legacy,2012,седан,900 000,2.5,чёрный,полный,левый,бензин,не битый,2,5.0,265 л.с.,102734 км,JF1BM9LV*CG****76,автомат,https://www.avito.ru/moskva/avtomobili/subaru_legacy_2012_1619955004
165,Subaru,Forester,2007,универсал,850 000,2.5,серый,полный,левый,бензин,не битый,1,5.0,230 л.с.,84500 км,JF1SG9LT*8G****90,автомат,https://www.avito.ru/moskva/avtomobili/subaru_forester_2007_1553590500
166,Subaru,Impreza,2007,седан,400 000,2.5,синий,полный,левый,бензин,не битый,4+,4.0,230 л.с.,106000 км,JF1GDGLD*7G****24,механика,https://www.avito.ru/moskva_zelenograd/avtomobili/subaru_impreza_2007_1358678196
167,Subaru,Impreza,2006,седан,420 000,1.5,чёрный,полный,левый,бензин,не битый,4+,4.0,105 л.с.,220000 км,JF1GDDLE*7G****40,автомат,https://www.avito.ru/moskva/avtomobili/subaru_impreza_2006_1083101988
168,Subaru,WRX STI,2007,седан,1 100 000,2.5,синий,полный,левый,бензин,не битый,3,4.0,280 л.с.,142000 км,JF1GDFLH*7G****68,механика,https://www.avito.ru/moskva/avtomobili/subaru_wrx_sti_2007_1172546537
169,Subaru,Tribeca,2005,внедорожник,475 000,3.0,бежевый,полный,левый,бензин,не битый,2,,250 л.с.,162000 км,4S4WX83C*64****71,автомат,https://www.avito.ru/moskva/avtomobili/subaru_tribeca_2005_1639975172
170,Subaru,WRX STI,2012,седан,2 000 000,2.5,чёрный,полный,левый,бензин,не битый,2,4.0,301 л.с.,30000 км,JF1GVFLH*CG****00,механика,https://www.avito.ru/moskva/avtomobili/subaru_wrx_sti_2012_1127172465
171,Subaru,Forester,2014,универсал,1 200 000,2.5,чёрный,полный,левый,бензин,не битый,1,5.0,174 л.с.,100000 км,JF1SJ9LC*EG****64,вариатор,https://www.avito.ru/moskva/avtomobili/subaru_forester_2014_1359185476
172,Subaru,Impreza,2006,седан,750 000,2.5,синий,полный,левый,бензин,не битый,4+,4.0,230 л.с.,180000 км,JF1GDGLD*7G****88,механика,https://www.avito.ru/moskva/avtomobili/subaru_impreza_2006_1614993833
173,Subaru,XV,2013,хетчбэк,950 000,2.0,чёрный,полный,левый,бензин,не битый,1,5.0,150 л.с.,82492 км,JF1GP7LC*DG****53,вариатор,https://www.avito.ru/moskva/avtomobili/subaru_xv_2013_945360012
174,Subaru,Impreza,2008,хетчбэк,390 000,1.5,серый,полный,левый,бензин,не битый,3,5.0,107 л.с.,163184 км,JF1GH3LS*9G****55,автомат,https://www.avito.ru/moskva/avtomobili/subaru_impreza_2008_1118402933
175,Subaru,Forester,2008,внедорожник,645 000,2.0,чёрный,полный,левый,бензин,не битый,3,5.0,150 л.с.,189000 км,JF1SH5LS*9G****98,автомат,https://www.avito.ru/moskva/avtomobili/subaru_forester_2008_1568944422
176,Subaru,Forester,2014,внедорожник,1 045 000,2.0,бежевый,полный,левый,бензин,не битый,1,5.0,150 л.с.,71000 км,JF1SJ5LC*EG****64,автомат,https://www.avito.ru/moskva/avtomobili/subaru_forester_2014_1573842476
177,Subaru,WRX,2014,седан,1 069 000,2.0,красный,полный,левый,бензин,не битый,4+,4.0,268 л.с.,54828 км,JF1VAGL6*FG****54,механика,https://www.avito.ru/moskva/avtomobili/subaru_wrx_2014_1335050585
178,Subaru,Impreza,2012,седан,750 000,2.5,синий,полный,левый,бензин,не битый,2,4.0,265 л.с.,111500 км,JF1GVELD*BG****70,механика,https://www.avito.ru/moskva/avtomobili/subaru_impreza_2012_1484881984
179,Subaru,Forester,2012,внедорожник,870 000,2.5,чёрный,полный,левый,бензин,не битый,1,,172 л.с.,102000 км,JF1SHMLS*CG****03,автомат,https://www.avito.ru/moskva/avtomobili/subaru_forester_2012_1363712524
180,Subaru,Forester,2012,внедорожник,995 000,2.5,белый,полный,левый,бензин,не битый,1,5.0,171 л.с.,106481 км,JF1SJ9LC*DG****49,автомат,https://www.avito.ru/moskva/avtomobili/subaru_forester_2012_1686271981
181,Subaru,XV,2014,внедорожник,799 000,1.6,чёрный,полный,левый,бензин,не битый,2,5.0,114 л.с.,72191 км,JF1GP3LC*EG****33,автомат,https://www.avito.ru/moskva/avtomobili/subaru_xv_2014_1064849253
182,Subaru,XV,2014,внедорожник,1 090 000,2.0,серый,полный,левый,бензин,не битый,1,,150 л.с.,51228 км,JF1GP7LC*EG****41,вариатор,https://www.avito.ru/moskva/avtomobili/subaru_xv_2014_1627423390
183,Subaru,Legacy,2003,седан,370 000,2.0,серый,полный,правый,бензин,не битый,1,4.0,430 л.с.,128000 км,BES-****65,механика,https://www.avito.ru/moskva/avtomobili/subaru_legacy_2003_1082041962
184,Subaru,Outback,2012,универсал,1 085 000,2.5,чёрный,полный,левый,бензин,не битый,1,,167 л.с.,113577 км,JF1BR9L9*CG****14,вариатор,https://www.avito.ru/moskva/avtomobili/subaru_outback_2012_1489090325
185,Subaru,Forester,2013,внедорожник,1 099 000,2.0,бежевый,полный,левый,бензин,не битый,1,,150 л.с.,73663 км,JF1SJ5LC*DG****02,вариатор,https://www.avito.ru/moskva/avtomobili/subaru_forester_2013_1582057531
186,Subaru,XV,2012,внедорожник,760 000,1.6,чёрный,полный,левый,бензин,не битый,1,,114 л.с.,139828 км,JF1GP3LC*CG****66,вариатор,https://www.avito.ru/moskva/avtomobili/subaru_xv_2012_1381136248
187,Subaru,Forester,2007,внедорожник,503 000,2.0,чёрный,полный,левый,бензин,не битый,3,5.0,158 л.с.,166019 км,JF1SG5LW*8G****56,механика,https://www.avito.ru/moskva/avtomobili/subaru_forester_2007_1412713774
188,Subaru,Outback,2015,универсал,1 730 000,2.5,бежевый,полный,левый,бензин,не битый,1,,175 л.с.,71939 км,JF1BS9LC*FG****43,вариатор,https://www.avito.ru/moskva/avtomobili/subaru_outback_2015_1617072183
189,Subaru,Impreza,2002,хетчбэк,397 000,2.0,серебряный,полный,левый,бензин,не битый,2,5.0,249 л.с.,41736 км,JF1GG296*2G****47,механика,https://www.avito.ru/moskva/avtomobili/subaru_impreza_2002_1202286711
190,Subaru,Outback,2005,универсал,465 000,2.5,серебряный,полный,левый,бензин,не битый,4+,5.0,165 л.с.,210000 км,JF1BP9LK*5G****01,механика,https://www.avito.ru/moskva/avtomobili/subaru_outback_2005_974055378
191,Subaru,Legacy,2007,универсал,700 000,2.0,белый,полный,правый,бензин,не битый,2,5.0,280 л.с.,198000 км,BP5-****82,автомат,https://www.avito.ru/moskva/avtomobili/subaru_legacy_2007_1625185885
192,Subaru,Impreza,2006,седан,600 000,2.5,чёрный,полный,левый,бензин,не битый,4+,4.0,230 л.с.,98000 км,JF1GDGLD*6G****27,механика,https://www.avito.ru/moskva/avtomobili/subaru_impreza_2006_1541246137
193,Subaru,Outback,2010,универсал,770 000,2.5,чёрный,полный,левый,бензин,не битый,3,,167 л.с.,169049 км,JF1BR9L9*BG****53,вариатор,https://www.avito.ru/moskva/avtomobili/subaru_outback_2010_1358751666
194,Subaru,Impreza,2003,седан,1 000 000,2.5,синий,полный,левый,бензин,не битый,3,4.0,300 л.с.,2000 км,JF1GD706*4L****89,механика,https://www.avito.ru/moskva/avtomobili/subaru_impreza_2003_1422615285
195,Subaru,Forester,2011,универсал,820 000,2.5,серый,полный,левый,бензин,не битый,1,5.0,172 л.с.,108724 км,JF1SHMLS*CG****66,автомат,https://www.avito.ru/moskva/avtomobili/subaru_forester_2011_1261572477
196,Subaru,Forester,2014,внедорожник,1 350 000,2.0,серый,полный,левый,бензин,не битый,1,,150 л.с.,17000 км,JF1SJ5LC*EG****01,автомат,https://www.avito.ru/moskva/avtomobili/subaru_forester_2014_1391228706
197,Subaru,Legacy,2007,седан,695 000,3.0,серый,полный,левый,бензин,не битый,4+,,245 л.с.,108000 км,JF1BLELU*7G****72,автомат,https://www.avito.ru/moskva/avtomobili/subaru_legacy_2007_1630573577
198,Subaru,Forester,2013,внедорожник,1 190 000,2.5,серебряный,полный,левый,бензин,не битый,1,,171 л.с.,103936 км,JF1SJ9LC*DG****42,вариатор,https://www.avito.ru/moskva/avtomobili/subaru_forester_2013_1701976869
199,Subaru,Forester,2013,внедорожник,1 300 000,2.0,синий,полный,левый,бензин,не битый,3,5.0,241 л.с.,42100 км,JF1SJGL8*DG****24,автомат,https://www.avito.ru/moskva/avtomobili/subaru_forester_2013_1457401310
